id,title,description,google product category,availability,availability date,expiration date,link,mobile link,image link,price,sale price,sale price effective date,identifier exists,gtin,mpn,brand,product highlight,product detail,additional_image_link,condition,adult,color,size,size type,size system,gender,material,pattern,age group,multipack,is bundle,unit pricing measure,unit pricing base measure,energy efficiency class,min energy efficiency class,min energy efficiency class,item group id,sell on google quantity
OC001,Nebulizer For Home – Compact Compressor Nebulizer For Respiratory Therapy,"The Home Nebulizer is a powerful, compact device designed for effective relief from asthma, COPD, bronchitis, and other respiratory conditions. Easy to use, quiet, and suitable for the whole family.",Health & Beauty > Health Care > Respiratory Care > Nebulizers,in stock,,,https://oticamart.com/home-healthcare-devices/nebulizer-for-home-compact-compressor-nebulizer-for-respiratory-therapy.html,https://oticamart.com/home-healthcare-devices/nebulizer-for-home-compact-compressor-nebulizer-for-respiratory-therapy.html,https://oticamart.com/media/catalog/product/5/1/51m0bzgv5wl._sl1000_.jpg,1490 INR,991.00 INR,,,,,Oticamart,"High Nebulization Rate : Ensures Quick And Effective Delivery Of Medication
Low Noise Operation : Quiet Function For Stress-Free Therapy, Even For Kids
Compact & Portable Design : Space-Saving And Travel-Friendly
One-Button Operation : Simple And Safe For All Users
Complete Kit Included : Nebulizer, Adult & Child Masks, Air Tube, Air Filters, Medicine Chamber, User Manual","The Home Nebulizer Delivers Efficient And Reliable Respiratory Treatment In The Comfort Of Your Home. Designed With Advanced Compressor Technology, It Converts Liquid Medication Into A Fine Mist, Allowing For Deep Lung Penetration And Faster Symptom Relief.

Ideal For Patients With Asthma, Copd, Bronchitis, Or Other Respiratory Issues, The Oneb-2 Features A Compact, Lightweight Design And Operates Quietly—Making It Perfect For Both Adults And Children. The Kit Includes All Necessary Accessories: Adult Mask, Child Mask, Mouthpiece, Air Tube, And Medicine Cup.

Built For Convenience And Durability, The Oneb-2 Is Easy To Clean And Operate, With One-Button Control And A Robust Motor For Long-Term Use.",https://oticamart.com/media/catalog/product/h/o/home_nebulizer_oneb-7-01.png,new,no,,,,,unisex,,,adult,,no,,,,,,Home Nebulizer ONEB-2,1000
