entity_type,entity_id,request_path,new_request_path,target_path,redirect_type,store_id,description,is_autogenerated,metadata
custom,,home-v7/,,all-products.html,301,7,,,
custom,,product-category/contac/,,all-products.html,301,7,,,
custom,,product-category/heine/,,all-products.html,301,7,,,
custom,,product-category/heine/?add_to_wishlist=6823,,all-products.html,301,7,,,
custom,,product-category/heine/?add-to-cart=6823,,all-products.html,301,7,,,
custom,,product-category/klife/,,all-products.html,301,7,,,
custom,,product-category/medical-consumable/,,all-products.html,301,7,,,
custom,,product-category/omron/,,all-products.html,301,7,,,
custom,,product-category/uncategorized/,,all-products.html,301,7,,,
custom,,product-tag/12870/,,all-products.html,301,7,,,
custom,,product-tag/good-otoscope/,,all-products.html,301,7,,,
custom,,product-tag/suction-machine-for-mucus-extractor/,,all-products.html,301,7,,,
custom,,product-tag/welchallyn-ophthalmoscope/,,all-products.html,301,7,,,
custom,,04f07729-c713-456f-a332-f9e299a96cd7/,,all-products.html,301,7,,,
custom,,0fd7bf5a-cba6-4438-896b-c9a8ce663ba4/,,all-products.html,301,7,,,
custom,,1-121/,,all-products.html,301,7,,,
custom,,1-135/,,all-products.html,301,7,,,
custom,,1-2-150x150/,,all-products.html,301,7,,,
custom,,1-273/,,all-products.html,301,7,,,
custom,,1-284/,,all-products.html,301,7,,,
custom,,1-312/,,all-products.html,301,7,,,
custom,,1-334/,,all-products.html,301,7,,,
custom,,1-360/,,all-products.html,301,7,,,
custom,,1-86/,,all-products.html,301,7,,,
custom,,2-49/,,all-products.html,301,7,,,
custom,,31o3czkmbml/,,all-products.html,301,7,,,
custom,,3-20/,,all-products.html,301,7,,,
custom,,41izr04sijl-4/,,all-products.html,301,7,,,
custom,,41nnlliqfdl-_sl1500_/,,all-products.html,301,7,,,
custom,,41rscp9cnpl-_sx522_/,,all-products.html,301,7,,,
custom,,46a78542-7ac7-4a27-9a8b-dd6f0310e591/,,all-products.html,301,7,,,
custom,,513xfoluwyl-_sl1100_/,,all-products.html,301,7,,,
custom,,61hxunwnykl-_sl1000_/,,all-products.html,301,7,,,
custom,,61vsdtr3al-_sl1400_/,,all-products.html,301,7,,,
custom,,719zlajs4xl-_sl1500_-2/,,all-products.html,301,7,,,
custom,,9e39beb9-66a7-4429-b0c3-0f89e2b553d1/,,all-products.html,301,7,,,
custom,,cart-2/?remove_item=055e31fa43e652cb4ab6c0ee845c8d36&_wpnonce=92cfced985,,all-products.html,301,7,,,
custom,,cart-2/?remove_item=055e31fa43e652cb4ab6c0ee845c8d36&_wpnonce=93a45450cd,,all-products.html,301,7,,,
custom,,default/adjustable-hospital-bed-back-rest-with-arm-support-6-level-recline-foldable-fabric-back-support.html,,all-products.html,301,7,,,
custom,,default/athlete2-home-fi,,all-products.html,301,7,,,
custom,,default/athlete2-home-fi-2,,all-products.html,301,7,,,
custom,,default/athlete2-home-fi-3,,all-products.html,301,7,,,
custom,,default/brands-widget-2,,all-products.html,301,7,,,
custom,,default/brands-widget-3,,all-products.html,301,7,,,
custom,,default/buttons-2,,all-products.html,301,7,,,
custom,,default/buttons-3,,all-products.html,301,7,,,
custom,,default/categories-widget-2,,all-products.html,301,7,,,
custom,,default/categories-widget-3,,all-products.html,301,7,,,
custom,,default/disposable-cautery-pencil-for-hospitals-multi-functional-electrosurgical-pencil.html,,medical-device/product/cautery-pen.html,301,7,,,
custom,,default/expand-content,,all-products.html,301,7,,,
custom,,default/expand-content-2,,all-products.html,301,7,,,
custom,,default/expand-content-3,,all-products.html,301,7,,,
custom,,default/faq-2,,all-products.html,301,7,,,
custom,,default/faq-3,,all-products.html,301,7,,,
custom,,default/faq-v2,,all-products.html,301,7,,,
custom,,default/faq-v2-2,,all-products.html,301,7,,,
custom,,default/faq-v2-3,,all-products.html,301,7,,,
custom,,default/hepa-filter-for-yuwell-phlegm-suction-machine-white-medical-grade-bacterial-filter-compatible-replacement.html,,all-products.html,301,7,,,
custom,,default/home,,all-products.html,301,7,,,
custom,,default/home-otica-new-123,,all-products.html,301,7,,,
custom,,default/infinite-slide-2,,all-products.html,301,7,,,
custom,,default/otica-air-inlet-filter-for-oxygen-concentrator.html,,home-healthcare-devices/oxygen-concentrator.html,301,7,,,
custom,,default/otica-heavy-duty-foldable-soft-stretcher-for-medical-use-portable-waterproof-stretcher-for-patient-emergency-use-patient-transport-stretcher-with-carry-bag-support-upto-130kg-weight.html,,medical-device/product/emergency-stretcher.html,301,7,,,
custom,,default/otica-kilner-cheek-retractor-c-shape-retractor-set-of-3-hand-held-retractor.html,,surgical-instrument/product/retractor.html,301,7,,,
custom,,default/otica-kilner-retractor-senn-miller-cat-paw-retractor-6-5-inch-hand-held-retractor.html,,surgical-instrument/product/retractor.html,301,7,,,
custom,,default/otica-latex-hand-gloves-100-pcs-medical-grade-4gm-white-food-grade-ce-approved-non-sterile-medical-examination-all-purpose-powdered-cleaning-examination-gloves-pack-of-100-large.html,,hospital-consumables/apparel-gloves.html,301,7,,,
custom,,default/otica-medical-student-all-black-stethoscope-dual-side-diagram-aluminium-chestpeice-powder-coated-frame-clear-sound-for-doctors-medical-students-nurses-students-home-health-use.html,,professional-diagnostic-equipment/product/stethoscope.html,301,7,,,
custom,,default/otica-queen-square-knee-hammer-physiotherapy-neurology-ortho-testing-tool-durable-medical-diagnostic-instrument-medical-student.html,,professional-diagnostic-equipment.html,301,7,,,
custom,,default/otica-stainless-steel-410-grade-sims-speculum-s-m-l-set-of-3.html,,all-products.html,301,7,,,
custom,,default/otica-stainless-steel-scalpel-handle-for-surgical-blade-handle.html,,surgical-instrument/product/surgical-blade.html,301,7,,,
custom,,default/otica-surgical-langenback-retractor-for-precision-in-medical-procedures-hand-held-retractors.html,,surgical-instrument/product/retractor.html,301,7,,,
custom,,default/otica-tuning-fork-stainless-steel-medical-tuning-fork-for-medical-students-doctors-neurologists-healthcare-professionals.html,,professional-diagnostic-equipment/product/stethoscope.html,301,7,,,
custom,,default/oxygen-humidifier-bottle-botl-1-with-plastic-connector-1-compatible-with-oxygen-concentrators-cylinders.html,,home-healthcare-devices/oxygen-concentrator.html,301,7,,,
custom,,default/product-carousels-2,,all-products.html,301,7,,,
custom,,default/product-carousels-3,,all-products.html,301,7,,,
custom,,default/product-grid-columns-2,,all-products.html,301,7,,,
custom,,default/product-grid-columns-3,,all-products.html,301,7,,,
custom,,default/products-grid,,all-products.html,301,7,,,
custom,,default/products-grid-2,,all-products.html,301,7,,,
custom,,default/products-grid-3,,all-products.html,301,7,,,
custom,,default/products-list-2,,all-products.html,301,7,,,
custom,,default/surgical-silicone-vacuum-ventouse-suction-delivery-cup-without-releasing-valve.html,,medical-device/product/suction-machine.html,301,7,,,
custom,,default/surgical-silicone-vacuum-ventouse-suction-delivery-cup-with-releasing-valve.html,,medical-device/product/suction-machine.html,301,7,,,
custom,,default/typography,,all-products.html,301,7,,,
custom,,default/typography-2,,all-products.html,301,7,,,
custom,,default/video,,all-products.html,301,7,,,
custom,,default/video-2,,all-products.html,301,7,,,
custom,,default/video-3,,all-products.html,301,7,,,
custom,,default/warranty-registration-form,,all-products.html,301,7,,,
custom,,default/welch-allyn-battery-72300-for-otoscope-ophthalomoscope-retinoscope-model.html,,professional-diagnostic-equipment/product.html,301,7,,,
custom,,feed/?attachment_id=7730,,all-products.html,301,7,,,
custom,,hello-world/,,all-products.html,301,7,,,
custom,,home-healthcare-devices/cat-allergy_sinus_asthma_1-large-medium.html,,home-healthcare-devices/allergy-sinus-asthma.html,301,7,,,
custom,,home-healthcare-devices/cat-allergy_sinus_asthma_1-small-medium.html,,home-healthcare-devices/allergy-sinus-asthma.html,301,7,,,
custom,,home-healthcare-devices/cat-respiratory_mask-allergy_sinus_asthma_1.html?price=0.00-1000.00,,home-healthcare-devices/allergy-sinus-asthma.html,301,7,,,
custom,,home-healthcare-devices/cat-respiratory_mask-allergy_sinus_asthma_1-medium.html?price=1000.00-2000.00,,home-healthcare-devices/allergy-sinus-asthma.html,301,7,,,
custom,,home-healthcare-devices/cat-respiratory_mask-allergy_sinus_asthma_1-otica-large-medium.html,,home-healthcare-devices/allergy-sinus-asthma.html,301,7,,,
custom,,home-healthcare-devices/cat-respiratory_mask-allergy_sinus_asthma_1-small.html,,home-healthcare-devices/allergy-sinus-asthma.html,301,7,,,
custom,,home-healthcare-devices/elderly-care/all-products.html,,home-healthcare-devices/elderly-care.html,301,7,,,
custom,,home-healthcare-devices/home-healthcare-devices.html,,home-healthcare-devices.html,301,7,,,
custom,,home-healthcare-devices/medical-equipment.html,,medical-device.html,301,7,,,
custom,,home-v7/,,all-products.html,301,7,,,
custom,,i,,all-products.html,301,7,,,
custom,,img_20200728_143952/,,all-products.html,301,7,,,
custom,,kkkkk/,,all-products.html,301,7,,,
custom,,maecenas-ultricies/,,all-products.html,301,7,,,
custom,,medical-device/hepa-filter-for-yuwell-phlegm-suction-machine-white-medical-grade-bacterial-filter-compatible-replacement.html,,medical-device/product/suction-machine.html,301,7,,,
custom,,medical-device/medical-equipment.html,,medical-device.html,301,7,,,
custom,,medical-device/speciality/gp.html,,all-products.html,301,7,,,
custom,,otica-doyens-retractor-surgical-instrument-abdominal-retractor.html,,all-products.html,301,7,,,
custom,,otica-kilner-cheek-retractor-c-shape-retractor-set-of-3-hand-held-retractor.html,,surgical-instrument/product/retractor.html,301,7,,,
custom,,otica-stainless-steel-scalpel-handle-for-surgical-blade-handle.html,,surgical-instrument/product/surgical-blade.html,301,7,,,
custom,,otica-surgical-langenback-retractor-for-precision-in-medical-procedures-hand-held-retractors.html,,surgical-instrument/product/retractor.html,301,7,,,
custom,,oxygen-humidifier-bottle-botl-1-with-plastic-connector-1-compatible-with-oxygen-concentrators-cylinders.html,,home-healthcare-devices/oxygen-concentrator.html,301,7,,,
custom,,product/alcohol-tester/,,all-products.html,301,7,,,
custom,,product/bmi-weight-scale/?add_to_wishlist=5541&_wpnonce=cac6a423d7,,all-products.html,301,7,,,
custom,,product/bmi-weight-scale/?add-to-cart=5431,,all-products.html,301,7,,,
custom,,product/bmi-weight-scale/?add-to-cart=5542,,all-products.html,301,7,,,
custom,,product/bmi-weight-scale/?add-to-cart=5544,,all-products.html,301,7,,,
custom,,product/cpap-and-bipap/?add-to-cart=5541,,home-healthcare-devices/respiratory-mask/cpap-bipap-machine.html,301,7,,,
custom,,product/cpap-and-bipap/?add-to-cart=5554,,home-healthcare-devices/respiratory-mask/cpap-bipap-machine.html,301,7,,,
custom,,product/dressing-scissor/,,all-products.html,301,7,,,
custom,,product/heine-mini-3000-direct-otoscope-with-10-disposable-tips-with-4-reusable-tipsref-d-001-70-220/,,professional-diagnostic-equipment/product/otoscopes.html,301,7,,,
custom,,product/mayo-scissors/?add-to-cart=11127,,all-products.html,301,7,,,
custom,,product/otica-ampoule-cutter/,,professional-diagnostic-equipment/product/ampoule-cutter.html,301,7,,,
custom,,product/otica-formalin-chamber/,,surgical-instrument/sterilization-tray/formalin-chamber.html,301,7,,,
custom,,product/otica-led-headlight-for-ent-surgery-5w/,,professional-diagnostic-equipment/product/exam-light.html,301,7,,,
custom,,product/otica-nebulizer-complete-compressor-nebuliser-system/,,home-healthcare-devices/allergy-sinus-asthma/nebuliser.html,301,7,,,
custom,,product/otica-pediatric-vein-finder/,,professional-diagnostic-equipment/product/exam-light.html,301,7,,,
custom,,product/otica-plus-premium-i-v-cannula/,,medical-device/product/iv-stand.html,301,7,,,
custom,,product/otica-steel-stand-wall-mount/,,medical-device/product/iv-stand.html,301,7,,,
custom,,product/otica-two-fold-stretcher-for-medical-emergency-with-patient-holding-strap-with-cover-ms/,,medical-device/product/emergency-stretcher.html,301,7,,,
custom,,product/otica-water-bed-owb-8/,,home-healthcare-devices/elderly-care/medical-mattress.html,301,7,,,
custom,,product/otica-x-ray-view-box-led-film/,,professional-diagnostic-equipment/product/xray-viewer.html,301,7,,,
custom,,product/philips-dreamstation-bipap-avaps/,,home-healthcare-devices/respiratory-mask/bipap-mask.html,301,7,,,
custom,,product/vein-hunter/,,professional-diagnostic-equipment/product/exam-light.html,301,7,,,
custom,,product/yuwell-7a-23b-heavy-duty-double-bottle-electric-suction-apparatus-high-flow-40-lpm-2-x-2-5-liter-glass-jars/,,medical-device/product/suction-machine.html,301,7,,,
custom,,product01-1/,,all-products.html,301,7,,,
custom,,product28-28/,,all-products.html,301,7,,,
custom,,product-category/contac/,,all-products.html,301,7,,,
custom,,product-category/ending-offers/,,all-products.html,301,7,,,
custom,,product-category/heart-rate-monitor/,,all-products.html,301,7,,,
custom,,product-category/hicks/,,all-products.html,301,7,,,
custom,,product-category/hospital-equipment/,,all-products.html,301,7,,,
custom,,product-category/hospital-linen/,,all-products.html,301,7,,,
custom,,product-category/nebulizer/,,all-products.html,301,7,,,
custom,,product-category/nebulizer-equipment/,,all-products.html,301,7,,,
custom,,product-category/omron/?add-to-cart=11112,,all-products.html,301,7,,,
custom,,product-category/omron/?add-to-cart=5850,,all-products.html,301,7,,,
custom,,product-category/otica/,,all-products.html,301,7,,,
custom,,product-category/otica/?add-to-cart=11118,,all-products.html,301,7,,,
custom,,product-category/uncategorized/,,all-products.html,301,7,,,
custom,,product-category/welch-allyn/,,all-products.html,301,7,,,
custom,,product-tag/12870/,,all-products.html,301,7,,,
custom,,product-tag/500ml/,,all-products.html,301,7,,,
custom,,product-tag/air-bed-intex-single/,,all-products.html,301,7,,,
custom,,product-tag/american-otoscope/,,all-products.html,301,7,,,
custom,,product-tag/american-otoscope/?add-to-cart=5451,,all-products.html,301,7,,,
custom,,product-tag/baby-cloth-organizer-for-storage/,,all-products.html,301,7,,,
custom,,product-tag/battery-and-light/,,all-products.html,301,7,,,
custom,,product-tag/blood-pressure-monitor-analog/,,all-products.html,301,7,,,
custom,,product-tag/blood-pressure-monitor-and-machine/,,all-products.html,301,7,,,
custom,,product-tag/blood-pressure-monitor-beurer/,,all-products.html,301,7,,,
custom,,product-tag/blood-pressure-monitor-bpl/,,all-products.html,301,7,,,
custom,,product-tag/blood-pressure-monitor-citizen-machine/,,all-products.html,301,7,,,
custom,,product-tag/blood-pressure-monitor-diamond/,,all-products.html,301,7,,,
custom,,product-tag/blood-pressure-monitor-for-home/,,all-products.html,301,7,,,
custom,,product-tag/blood-pressure-monitor-machine-digital/,,all-products.html,301,7,,,
custom,,product-tag/body-composition-monitor-goqii/,,all-products.html,301,7,,,
custom,,product-tag/body-composition-monitor-omron/,,all-products.html,301,7,,,
custom,,product-tag/bottle-holder/,,all-products.html,301,7,,,
custom,,product-tag/classic-ii-navy-unisex-flip-crocs/,,all-products.html,301,7,,,
custom,,product-tag/click-to-open-expanded-view-3m-littmann-stethoscope-spare-parts-kit/,,all-products.html,301,7,,,
custom,,product-tag/composition-monitor/,,all-products.html,301,7,,,
custom,,product-tag/contec-monitor-3-para-parts/,,all-products.html,301,7,,,
custom,,product-tag/cpap-nasal-mask-resmed/,,all-products.html,301,7,,,
custom,,product-tag/dedakj-oxygen-concentrator-9-ltr/,,all-products.html,301,7,,,
custom,,product-tag/dental-formalin-box/,,all-products.html,301,7,,,
custom,,product-tag/digi-ecg-paper-pack-of-5-roll-50mm-x-20-mtr/,,all-products.html,301,7,,,
custom,,product-tag/digital-thermometer-and-oximeter/,,all-products.html,301,7,,,
custom,,product-tag/disposable-specula/,,all-products.html,301,7,,,
custom,,product-tag/ecg-machine-12-channel/,,all-products.html,301,7,,,
custom,,product-tag/ecg-machine-12-channel/feed/,,all-products.html,301,7,,,
custom,,product-tag/ecg-machine-bag/,,all-products.html,301,7,,,
custom,,product-tag/ecg-machine-wire/,,all-products.html,301,7,,,
custom,,product-tag/ecg-paper-bpl-9108-d/,,all-products.html,301,7,,,
custom,,product-tag/everflo-oxygen-concentrator-of-philips/,,all-products.html,301,7,,,
custom,,product-tag/fetal-doppler-baby-heart-monitor/,,all-products.html,301,7,,,
custom,,product-tag/fetal-doppler-baby-heart-monitor-bpl/,,all-products.html,301,7,,,
custom,,product-tag/fetal-doppler-baby-heart-monitor-for-home/,,all-products.html,301,7,,,
custom,,product-tag/fetal-doppler-machine/,,all-products.html,301,7,,,
custom,,product-tag/finger-tip/,,all-products.html,301,7,,,
custom,,product-tag/fingertip-pulse-oxymeter/,,all-products.html,301,7,,,
custom,,product-tag/formalin-chamber-24-inch/,,all-products.html,301,7,,,
custom,,product-tag/good-otoscope/?add-to-cart=5554,,all-products.html,301,7,,,
custom,,product-tag/gun-thermometer/,,all-products.html,301,7,,,
custom,,product-tag/gun-thermometer/?add_to_wishlist=5865&_wpnonce=f3bcf78185,,all-products.html,301,7,,,
custom,,product-tag/gun-thermometer/?add-to-cart=5861,,all-products.html,301,7,,,
custom,,product-tag/hand-sanitizer-automatic-dispenser/,,all-products.html,301,7,,,
custom,,product-tag/hand-sanitizer-bottle-empty/,,all-products.html,301,7,,,
custom,,product-tag/hand-sanitizer-stand-foot-operated/,,all-products.html,301,7,,,
custom,,product-tag/hand-sanitizer-stand-for-automatic-dispenser/,,all-products.html,301,7,,,
custom,,product-tag/headlight/,,all-products.html,301,7,,,
custom,,product-tag/humidifier-bottle-for-flow-meter/,,all-products.html,301,7,,,
custom,,product-tag/humidifier-bottle-with-tube/,,all-products.html,301,7,,,
custom,,product-tag/kidney-tray-surgical-300/,,all-products.html,301,7,,,
custom,,product-tag/led-laryngoscope-set/,,all-products.html,301,7,,,
custom,,product-tag/littmann-stethoscope-accessories/,,all-products.html,301,7,,,
custom,,product-tag/littmann-stethoscope-adult/,,all-products.html,301,7,,,
custom,,product-tag/littmann-stethoscope-digital/,,all-products.html,301,7,,,
custom,,product-tag/mini-ophthalmoscope/,,all-products.html,301,7,,,
custom,,product-tag/nasal-mask/,,all-products.html,301,7,,,
custom,,product-tag/nebulizer-accusure-machine/,,all-products.html,301,7,,,
custom,,product-tag/nebulizer-device/,,all-products.html,301,7,,,
custom,,product-tag/ophthlmoscope-head/,,all-products.html,301,7,,,
custom,,product-tag/otica-ishnee-overbed-table-hydraulic-in-601-branded-premium-quality/,,all-products.html,301,7,,,
custom,,product-tag/oxygen-concentrator/,,all-products.html,301,7,,,
custom,,product-tag/oxygen-concentrator-10/,,all-products.html,301,7,,,
custom,,product-tag/oxygen-concentrator-10l/,,all-products.html,301,7,,,
custom,,product-tag/oxygen-concentrator-5-litre-machine/,,all-products.html,301,7,,,
custom,,product-tag/oxygen-concentrator-6lt/,,all-products.html,301,7,,,
custom,,product-tag/oxygen-concentrator-7l-for-home/,,all-products.html,301,7,,,
custom,,product-tag/oxygen-concentrator-7-litre-machine/,,all-products.html,301,7,,,
custom,,product-tag/oxygen-concentrator-8/,,all-products.html,301,7,,,
custom,,product-tag/oxygen-concentrator-8-litre/,,all-products.html,301,7,,,
custom,,product-tag/oxygen-concentrator-8-litre-machine/,,all-products.html,301,7,,,
custom,,product-tag/oxygen-concentrator-8lpm/,,all-products.html,301,7,,,
custom,,product-tag/oxygen-concentrator-8lpm/?add-to-cart=5880,,all-products.html,301,7,,,
custom,,product-tag/oxygen-concentrator-95/,,all-products.html,301,7,,,
custom,,product-tag/oxygen-concentrator-9lit/,,all-products.html,301,7,,,
custom,,product-tag/oxygen-concentrator-9-ltr/,,all-products.html,301,7,,,
custom,,product-tag/oxygen-concentrator-accessories/,,all-products.html,301,7,,,
custom,,product-tag/oxygen-concentrator-amazon-fullfield/,,all-products.html,301,7,,,
custom,,product-tag/oxygen-concentrator-ari/?add-to-cart=5880,,all-products.html,301,7,,,
custom,,product-tag/oxygen-concentrator-battery/,,all-products.html,301,7,,,
custom,,product-tag/oxygen-concentrator-branded/,,all-products.html,301,7,,,
custom,,product-tag/oxygen-concentrator-cr-p5w/,,all-products.html,301,7,,,
custom,,product-tag/oxygen-concentrator-dual/,,all-products.html,301,7,,,
custom,,product-tag/oxygen-concentrator-equipment/,,all-products.html,301,7,,,
custom,,product-tag/oxygen-concentrator-everflow/,,all-products.html,301,7,,,
custom,,product-tag/oxygen-concentrator-generator/,,all-products.html,301,7,,,
custom,,product-tag/oxygen-concentrator-german-technology/,,all-products.html,301,7,,,
custom,,product-tag/oxygen-concentrator-gvs/,,all-products.html,301,7,,,
custom,,product-tag/oxygen-concentrator-humidifier/,,all-products.html,301,7,,,
custom,,product-tag/oxygen-concentrator-humidifier-tube/,,all-products.html,301,7,,,
custom,,product-tag/oxygen-concentrator-humidifier-tube-with-plastic-connector/,,all-products.html,301,7,,,
custom,,product-tag/oxygen-concentrator-india/,,all-products.html,301,7,,,
custom,,product-tag/oxygen-concentrator-india/?add-to-cart=5880,,all-products.html,301,7,,,
custom,,product-tag/oxygen-concentrator-in-india/,,all-products.html,301,7,,,
custom,,product-tag/oxygen-concentrator-invacare/,,all-products.html,301,7,,,
custom,,product-tag/oxygen-concentrator-j10/,,all-products.html,301,7,,,
custom,,product-tag/oxygen-concentrator-jmc5a-ni/,,all-products.html,301,7,,,
custom,,product-tag/oxygen-concentrator-jumao-5l/,,all-products.html,301,7,,,
custom,,product-tag/oxygen-concentrator-kit/,,all-products.html,301,7,,,
custom,,product-tag/oxygen-concentrator-konsung/,,all-products.html,301,7,,,
custom,,product-tag/oxygen-concentrator-konsung/?add_to_wishlist=5880&_wpnonce=b127f6b958,,all-products.html,301,7,,,
custom,,product-tag/oxygen-concentrator-konsung/?add-to-cart=5880,,all-products.html,301,7,,,
custom,,product-tag/oxygen-concentrator-konsung/feed/,,all-products.html,301,7,,,
custom,,product-tag/oxygen-concentrator-l/,,all-products.html,301,7,,,
custom,,product-tag/oxygen-concentrator-low-cost/,,all-products.html,301,7,,,
custom,,product-tag/oxygen-concentrator-machine-10-ltr/,,all-products.html,301,7,,,
custom,,product-tag/oxygen-concentrator-nareena/,,all-products.html,301,7,,,
custom,,product-tag/oxygen-concentrator-nidek-nuvo-lite/feed/,,all-products.html,301,7,,,
custom,,product-tag/oxygen-concentrator-oxymed-10-ltr/,,all-products.html,301,7,,,
custom,,product-tag/oxygen-concentrator-philips/,,all-products.html,301,7,,,
custom,,product-tag/oxygen-concentrator-philips/?add-to-cart=5880,,all-products.html,301,7,,,
custom,,product-tag/oxygen-concentrator-rental/,,all-products.html,301,7,,,
custom,,product-tag/oxygen-concentrator-resmed/,,all-products.html,301,7,,,
custom,,product-tag/oxygen-concentrator-respironics-philips/,,all-products.html,301,7,,,
custom,,product-tag/oxygen-concentrator-servotech/,,all-products.html,301,7,,,
custom,,product-tag/oxygen-concentrator-splitter/,,all-products.html,301,7,,,
custom,,product-tag/oxygen-concentrator-tube-and-mask/,,all-products.html,301,7,,,
custom,,product-tag/oxygen-concentrator-tubing/,,all-products.html,301,7,,,
custom,,product-tag/oxygen-concentrator-usa-made/,,all-products.html,301,7,,,
custom,,product-tag/oxygen-concentrator-vandelay/,,all-products.html,301,7,,,
custom,,product-tag/oxygen-concentrator-with-warranty/,,all-products.html,301,7,,,
custom,,product-tag/oxygen-concentrator-yuwell-9f-5aw/,,all-products.html,301,7,,,
custom,,product-tag/oxygen-concentrator-zeolite/,,all-products.html,301,7,,,
custom,,product-tag/oxygen-level/,,all-products.html,301,7,,,
custom,,product-tag/oxygen-meter/,,all-products.html,301,7,,,
custom,,product-tag/oxy-med-mooxy05-oxygen-concentrator-with-inbuilt-nebulizer-5-ltr-white/,,all-products.html,301,7,,,
custom,,product-tag/p100-for-mold-remediation/,,all-products.html,301,7,,,
custom,,product-tag/philips-oxygen-concentrator-filter/,,all-products.html,301,7,,,
custom,,product-tag/philips-oxygen-concentrator-filter/?add-to-cart=5880,,all-products.html,301,7,,,
custom,,product-tag/philips-oxygen-concentrator-machine/,,all-products.html,301,7,,,
custom,,product-tag/phlegm-suction-machine-for-home/?add_to_wishlist=5966&_wpnonce=4e97009738,,all-products.html,301,7,,,
custom,,product-tag/portable-oxygen-concentrator-india/,,all-products.html,301,7,,,
custom,,product-tag/pulse-oximeter-afk/,,all-products.html,301,7,,,
custom,,product-tag/pulse-oximeter-bluetooth/,,all-products.html,301,7,,,
custom,,product-tag/pulse-oximeter-generic/,,all-products.html,301,7,,,
custom,,product-tag/pulse-oximeter-generic/feed/,,all-products.html,301,7,,,
custom,,product-tag/pulse-oximeter-germany/,,all-products.html,301,7,,,
custom,,product-tag/rechargeable-ophthalmoscope/,,all-products.html,301,7,,,
custom,,product-tag/respironics/,,all-products.html,301,7,,,
custom,,product-tag/retinoscope-battery/,,all-products.html,301,7,,,
custom,,product-tag/retinoscope-streak-chargeable/,,all-products.html,301,7,,,
custom,,product-tag/speculum-disposable/,,all-products.html,301,7,,,
custom,,product-tag/speculum-for-women-plastic/,,all-products.html,301,7,,,
custom,,product-tag/stethoscope-charm/,,all-products.html,301,7,,,
custom,,product-tag/stethoscope-ear-knobs/,,all-products.html,301,7,,,
custom,,product-tag/stethoscope-grey-colour/,,all-products.html,301,7,,,
custom,,product-tag/stethoscope-infi/,,all-products.html,301,7,,,
custom,,product-tag/storage-bag-for-kids/,,all-products.html,301,7,,,
custom,,product-tag/storage-bag-moisture-proof/,,all-products.html,301,7,,,
custom,,product-tag/storage-bag-zipper/,,all-products.html,301,7,,,
custom,,product-tag/streak-retinoscope/,,all-products.html,301,7,,,
custom,,product-tag/suction-machine-apex/,,all-products.html,301,7,,,
custom,,product-tag/suction-machine-box-rubber-cap/,,all-products.html,301,7,,,
custom,,product-tag/suction-machine-box-rubber-cap/feed/,,all-products.html,301,7,,,
custom,,product-tag/suction-machine-dental/,,all-products.html,301,7,,,
custom,,product-tag/suction-machine-for-cough/,,all-products.html,301,7,,,
custom,,product-tag/suction-machine-for-mucus-extractor/,,all-products.html,301,7,,,
custom,,product-tag/suction-machine-home/,,all-products.html,301,7,,,
custom,,product-tag/suction-machine-philips/,,all-products.html,301,7,,,
custom,,product-tag/suction-machine-pump/,,all-products.html,301,7,,,
custom,,product-tag/tablet-crusher/,,all-products.html,301,7,,,
custom,,product-tag/temperature-gun/,,all-products.html,301,7,,,
custom,,product-tag/thermometer/,,all-products.html,301,7,,,
custom,,product-tag/thermometer-and-oximeter-combo-dr-trust/,,all-products.html,301,7,,,
custom,,product-tag/thermometer-and-oximeter-combo-dr-trust/?add_to_wishlist=5861&_wpnonce=8e427a8a5d,,all-products.html,301,7,,,
custom,,product-tag/thermometer-and-oximeter-combo-dr-trust/?add-to-cart=5861,,all-products.html,301,7,,,
custom,,product-tag/thermometer-and-oximeter-combo-dr-trust/?add-to-cart=5865,,all-products.html,301,7,,,
custom,,product-tag/thermometer-battery-cell/,,all-products.html,301,7,,,
custom,,product-tag/thermometer-case/,,all-products.html,301,7,,,
custom,,product-tag/thermometer-cooking/,,all-products.html,301,7,,,
custom,,product-tag/thermometer-cooking/?add-to-cart=5861,,all-products.html,301,7,,,
custom,,product-tag/thermometer-easy-care/,,all-products.html,301,7,,,
custom,,product-tag/thermometer-equinox/?add-to-cart=5861,,all-products.html,301,7,,,
custom,,product-tag/thermometer-infrared/,,all-products.html,301,7,,,
custom,,product-tag/tube-mask-for-men-under-100/,,all-products.html,301,7,,,
custom,,product-tag/water-bed-accessories/,,all-products.html,301,7,,,
custom,,product-tag/welch-allyn-22870-blu/,,all-products.html,301,7,,,
custom,,product-tag/welchallyn-ophthalmoscope/,,all-products.html,301,7,,,
custom,,product-tag/welch-allyn-ophthalmoscope/,,all-products.html,301,7,,,
custom,,product-tag/welch-allyn-opthalmoscope/,,all-products.html,301,7,,,
custom,,product-tag/wheel-table-for-office-work/,,all-products.html,301,7,,,
custom,,product-tag/wisp-mask/,,all-products.html,301,7,,,
custom,,product-tag/x-ray-view-box-led/,,all-products.html,301,7,,,
custom,,product-tag/zorbes-1-5m-ear-otoscope-usb-microscope-borescope-inspection/,,all-products.html,301,7,,,
custom,,professional-diagnostic-equipment/medical-equipment.html,,professional-diagnostic-equipment.html,301,7,,,
custom,,professional-diagnostic-equipment/speciality/ent.html,,professional-diagnostic-equipment.html,301,7,,,
custom,,professional-diagnostic-equipment/speciality/gp.html,,professional-diagnostic-equipment.html,301,7,,,
custom,,professional-diagnostic-equipment/speciality/medicine.html,,professional-diagnostic-equipment.html,301,7,,,
custom,,robot-wars-now-closed-post-with-audio-2/,,all-products.html,301,7,,,
custom,,robot-wars-now-closed-post-with-gallery/,,all-products.html,301,7,,,
custom,,screenshot-2023-03-17-112936/,,all-products.html,301,7,,,
custom,,spacex-falcon-explodes-after-landing-2/,,all-products.html,301,7,,,
custom,,static_block/cameras-accessories-megamenu-item/,,all-products.html,301,7,,,
custom,,static_block/car-motorbike-industrial/,,all-products.html,301,7,,,
custom,,static_block/mobiles-tablets-megamenu-item/,,all-products.html,301,7,,,
custom,,static_block/movies-music-video-games-megamenu-item/,,all-products.html,301,7,,,
custom,,static_block/movies-music-video-games-megamenu-item-2/,,all-products.html,301,7,,,
custom,,surgical-instrument/product/all-products.html,,surgical-instrument.html,301,7,,,
custom,,the-first-flowers-in-space/,,all-products.html,301,7,,,
custom,,whatsapp-image-2020-08-06-at-11-24-58-1/,,all-products.html,301,7,,,
custom,,in/adjustable-hospital-fabric-back-rest-foldable-portable-back-support-for-bedridden-patients-35cm-x-65cm.html,,home-healthcare-devices/elderly-care.html,,,,,
custom,,in/air-inlet-filter-for-oxygen-concentrator-compatible-with-philips-everflo-high-efficiency-dust-filter.html,,home-healthcare-devices/oxygen-concentrator.html,,,,,
custom,,in/athlete2-home-fi-2,,all-products.html,,,,,
custom,,in/athlete2-home-fi-3,,all-products.html,,,,,
custom,,in/brands-widget,,all-products.html,,,,,
custom,,in/brands-widget-2,,all-products.html,,,,,
custom,,in/buttons,,all-products.html,,,,,
custom,,in/buttons-2,,all-products.html,,,,,
custom,,in/buttons-3,,all-products.html,,,,,
custom,,in/categories-widget-2,,all-products.html,,,,,
custom,,in/categories-widget-3,,all-products.html,,,,,
custom,,in/expand-content,,all-products.html,,,,,
custom,,in/expand-content-2,,all-products.html,,,,,
custom,,in/expand-content-3,,all-products.html,,,,,
custom,,in/faq-2,,faq,,,,,
custom,,in/faq-3,,faq,,,,,
custom,,in/faq-v2,,faq,,,,,
custom,,in/faq-v2-2,,faq,,,,,
custom,,in/faq-v2-3,,faq,,,,,
custom,,in/home,,all-products.html,,,,,
custom,,in/home-otica-new-123,,all-products.html,,,,,
custom,,in/in/thermoscan-ear-thermometer-lens-filters-pack-of-20-disposable-covers-hygienic-protection-for-accurate-readings.html,,home-healthcare-devices/mother-and-child-care/thermometer.html,,,,,
custom,,in/infinite-slide-2,,all-products.html,,,,,
custom,,in/infinite-slide-3,,all-products.html,,,,,
custom,,in/iv-stand-with-4-wheels-adjustable-stainless-steel-iv-pole-for-hospitals-clinics-home-care.html,,medical-device/product/iv-stand.html,,,,,
custom,,in/otica-black-nitrile-gloves-100-pcs-chemical-resistant-medical-cooking-cleaning-tattoo-artist-disposable-black-gloves.html,,hospital-consumables/apparel-gloves.html,,,,,
custom,,in/otica-compatible-with-resmed-airmini-device-replacement-filter-for-airmini-cpap-machine-ultra-fine-disposable-filters-for-clean-airflow.html,,home-healthcare-devices/respiratory-mask/cpap-bipap-machine.html,,,,,
custom,,in/otica-heavy-duty-foldable-soft-stretcher-for-medical-use-portable-waterproof-stretcher-for-patient-emergency-use-patient-transport-stretcher-with-carry-bag-support-upto-130kg-weight.html,,medical-device/product/emergency-stretcher.html,,,,,
custom,,in/otica-latex-hand-gloves-100-pcs-medical-grade-4gm-white-food-grade-ce-approved-non-sterile-medical-examination-all-purpose-powdered-cleaning-examination-gloves-pack-of-100-large.html,,hospital-consumables/apparel-gloves.html,,,,,
custom,,in/otica-medical-student-all-black-stethoscope-dual-side-diagram-aluminium-chestpeice-powder-coated-frame-clear-sound-for-doctors-medical-students-nurses-students-home-health-use.html,,professional-diagnostic-equipment/product/stethoscope.html,,,,,
custom,,in/otica-premium-stainless-steel-dissecting-metzenbaum-surgical-scissors.html,,all-products.html,,,,,
custom,,in/otica-replacement-filter-for-yuwell-8f-5a-oxygen-concentrator-high-efficiency-air-intake-filter-durable-easy-to-install-long-lasting-medical-grade-hepa-filtration.html,,all-products.html,,,,,
custom,,"in/otica-stainless-steel-kidney-tray-reusable-kidney-shaped-emesis-basin-for-hospital-clinic-dental-and-surgical-use-medical-tray-for-soiled-dressings-and-instruments-8-inch.html?size=8 
inch",,surgical-instrument/product/kidney-tray.html,,,,,
custom,,"in/otica-surgical-ot-plain-sheet-premium-surgical-cotton-towels-lint-free-high-absorbency-reusable-and-durable-for-operating-rooms-wound-care-general-patient-care-autoclavable.html?size=36%22 
x 36%22",,all-products.html,,,,,
custom,,in/otica-suture-practice-kit-with-advanced-model-skin-pad-for-medical-students-silicone-suture-training-practice-pad-with-suture-tools.html,,all-products.html,,,,,
custom,,in/otica-test-product.html,,all-products.html,,,,,
custom,,in/pediatric-miller-type-laryngoscope-set-fiber-optic-sizes-0-00-1-stainless-steel-blades-light-handle.html,,professional-diagnostic-equipment/product/laryngoscope.html,,,,,
custom,,in/product-carousels-2,,all-products.html,,,,,
custom,,in/product-carousels-3,,all-products.html,,,,,
custom,,in/product-grid-columns,,all-products.html,,,,,
custom,,in/product-grid-columns-2,,all-products.html,,,,,
custom,,in/products-grid,,all-products.html,,,,,
custom,,in/products-grid-2,,all-products.html,,,,,
custom,,in/products-grid-3,,all-products.html,,,,,
custom,,in/products-list-2,,all-products.html,,,,,
custom,,in/products-list-3,,all-products.html,,,,,
custom,,in/resmed-airfit-f20-full-face-cpap-mask-medium-with-infinityseal-silicone-cushion-360-elbow-magnetic-headgear.html,,home-healthcare-devices/respiratory-mask/cpap-mask.html,,,,,
custom,,in/stainless-steel-instrument-tray-with-lid-for-medical-and-surgical-use-corrosion-resistant-design-for-hospitals-clinics-and-ot.html,,surgical-instrument/sterilization-tray.html,,,,,
custom,,in/sterile-laryngeal-mask-airway-lma-disposable-pvc-material.html,,medical-device/operation-theatre-essentials/laryngeal-mask.html,,,,,
custom,,in/test-otica-product.html,,all-products.html,,,,,
custom,,in/typography,,all-products.html,,,,,
custom,,in/typography-2,,all-products.html,,,,,
custom,,in/ultrasound-probe-covers-endocavity-curved-array-latex-barrier-infection-control-5x18cm.html,,hospital-consumables/apparel-gloves.html,,,,,
custom,,in/video,,all-products.html,,,,,
custom,,in/video-2,,all-products.html,,,,,
custom,,in/video-3,,all-products.html,,,,,
