Store View,Nick Name,title,Date,Review Summary,Review Detail,Ratings,Product Id,Approval Status,Customer ID,quality,value,price,rating
1,John Doe,Create Review Programatically,2023-04-29 11:14:05,Create Review Programatically,This is nice blog for magento 2.Creating product reviews programatically.,4,2047,1,,1,7,13,12
1,Riley,comfy and i don't feel like a loser,2023-04-29 09:42:04,comfy and i don't feel like a loser,"
This is awesome for going back and forth to class. I live off campus and it's a longer walk, but this pack fits comfortably and I can even store my laptop in the main compartment.
",5,2024,1,,2,8,14,13
1,Dave,awesome for going back and forth,2023-04-29 09:41:24,awesome for going back and forth,"comfy and i don't feel like a loser carrying it.
",6,2024,1,,3,2,15,14
1,Seth,Screwed up my back,2023-04-29 09:40:52,Screwed up my back,"Decent bag. I keep my stuff in it for work and the gym. It's nice and roomy. I wish it had a more sophisticated design, though. Kinda looks like it's for kids.",4,2024,1,,1,2,13,15
1,Ivan,I've had this thing for really long,2023-04-29 09:39:31,I've had this thing for really long,"
I've had this thing for a really long time and it barely shows any signs of wear and tear. It's really big, too! I've taken it on day trips as well as short vacations and usually have no trouble finding room for my stuff.",7,2024,1,,2,1,11,16
